group,Nowak
Lower Silesian,0.961286663
Kuyavian-Pomeranian,0.970719563
Lublin,0.991583387
Lubusz,0.949524254
Lodzkie,0.991258061
Lesser Poland,1.11292774
Masovian,1.130050661
Opole,0.917066343
Subcarpathian,0.962259562
Podlachian,1.075034509
Pomeranian,1.012024278
Silesian,1.008253127
Swietokrzyskie,0.99882413
Warmian-Masurian,0.919130193
Greater Poland,1.001055538
West Pomeranian,0.99900199
