group,TOPSIS
Dolnoœl¹skie,0.156025301
Kujawsko-Pomorskie,0,.01792843
Lubelskie,0.407756859
Lubuskie,0.253371498
£ódzkie,0.457661928
Ma³opolskie,0.692229128
Mazowieckie,0.7264478
Opolskie,0.276106706
Podkarpackie,0.369057443
Podlaskie,0.701573582
Pomorskie,0.387032207
Œl¹skie,0.355362113
Œwiêtokrzyskie,0.85781876
Warmiñsko-Mazurskie,0.072412937
Wielkopolskie,0.294574342
Zachodniopomorskie,0.378537021

